類別,姓名,英文ID,職稱,照片檔名(001原檔),新照片檔名,個人頁面,電話,Email,授課領域,研究專長,學歷,經歷
專任教師,謝吉隆,jerryhsieh,副教授兼所長,jerryhsieh.png,jerryhsieh.png,jerryhsieh.html,(02)33669867,jerryhsieh@ntu.edu.tw,新聞資料分析、網頁設計與敘事、社群媒介與輿論分析、新聞資料處理與視覺化呈現,社群輿論分析、社會網絡分析、文字探勘、生成式人工智慧應用、社會模擬,,
專任教師,林麗雲,lihyunlin,教授,lihyunlin.png,lihyunlin.png,lihyunlin.html,,lihyunlin2@gmail.com,新聞史、媒介社會學、傳播理論,傳播史、媒介社會學、比較傳播制度,,
專任教師,洪貞玲,clhung,教授,clhung.jpg,clhung.jpg,clhung.html,(02)33663124,clhung@ntu.edu.tw,新聞與法律、全球化與傳播、公民新聞、傳播政治經濟學,新科技與弱勢傳播權、傳播法規與政策、傳播政治經濟學、新聞自由、公民新聞、全球化與傳播,,
專任教師,林照真,carolinelin,教授,carolinelin.jpg,carolinelin.jpg,carolinelin.html,(02)33661738,carolinelin@ntu.edu.tw,視覺化新聞、調查報導、多媒體製作、深度報導、採訪與寫作,媒體轉型研究、新媒體研究、資料新聞學、收視率研究、災難新聞研究、科學傳播,,
專任教師,Adrian Rauchfleisch（劉好迪）,RauchfleischA,教授,RauchfleischA.png,RauchfleischA.png,RauchfleischA.html,,adrian.rauchfleisch@gmail.com,,,,
專任教師,蔡蕙如,tsaihuiju,副教授,tsaihuiju.jpg,tsaihuiju.jpg,tsaihuiju.html,,tsaihuiju@ntu.edu.tw,媒介社會學專題、文化研究、質化研究、傳播理論,新媒體與公民參與、公共廣電與平台研究、新聞產業與新科技、大眾文化與新媒體環境、文化研究與方法,,
專任教師,詹怡宜,chanii311,副教授,chanii311.png,chanii311.png,chanii311.html,,chanii311@ntu.edu.tw,影像報導一、影像報導二、公共政策與政治新聞報導,,,
兼任教師,王泰俐,wangtaili,教授,c38b215a-6c3d-42d7-b6bc-2091a5c670c1.png,wangtaili.png,,,,政治傳播、媒介心理學與實務、影像新聞雜誌、傳播研究方法、電子媒體實習,媒體心理、正向心理學、政治傳播、影像新聞、網路傳播,,
兼任教師,陳順孝,chenshunhsiao,教授,da1199d7-9216-45f3-90ed-bfb4ee757ee8.jpg,chenshunhsiao.jpg,,,,新聞產業創新,,,
兼任教師,谷玲玲,kulingling,副教授,c4e7d0ed-803c-474c-99e3-4c7a4b5de95c.png,kulingling.png,,(02)33663122,,傳播統計、資訊科技與資訊社會、新聞英文寫作、媒體實習,傳播科技、媒體管理、網路傳播、大眾傳播,,
名譽教授,張錦華,changchinhwa,名譽教授,76dfa034-7f08-450d-8e87-6343c0bcfb76.png,changchinhwa.png,,(02)33663121,cchwa@ntu.edu.tw,大眾傳播理論,大眾傳播理論、質化研究方法、多元文化論與傳播研究,,
合聘教師,劉靜怡,liuchingi,教授（與國發所合聘）,2077f972-8894-4d10-92a1-c1b34cd408ec.jpg,liuchingi.jpg,,,,資訊法制專題、法律與科技專題、資訊社會專題,資訊法與電信法、人權法制、法律經濟分析,,
實務教師,李志德,lichihte,兼任助理教授級專業技術人員,53af1fb5-1aec-4f55-830b-edfbf0006864.jpg,lichihte.jpg,,,,採訪寫作二,,,公視新聞部經理、聯合報政治組記者、蘋果日報大陸中心記者、美國自由亞洲電台、端傳媒、台大中文系畢業、淡江大學國際事務與戰略研究所碩士
實務教師,梁玉芳,liangyufang,兼任副教授級專業技術人員,1c2ce31c-d49b-4625-94bf-0b5b157effa5.jpg,liangyufang.jpg,,,,採訪寫作二,,政治大學資訊管理學士、政治大學新聞研究所碩士,聯合報記者
實務教師,謝艾契,archietse,兼任副教授級專業技術人員,4c12656a-53c0-441c-9e40-9a7e969dfb67.jpg,archietse.jpg,,,,新聞資訊視覺化,,美國密蘇里大學新聞研究所碩士,紐約時報新聞圖表資深編輯、1984年美國青少年雙人溜冰比賽冠軍
實務教師,李雪莉,lihsuehli,兼任助理教授級專業技術人員,230f5d3d-e187-4ddd-8fd0-4fa5c2aed6ac.png,lihsuehli.png,,,,採訪寫作一,,政治大學、台灣大學、加拿大McGill大學訪問學人、香港中文大學訪問學人,非營利媒體《報導者》營運長兼總主筆、《報導者》第二任總編輯、臺大新聞所兼任助理教授、跨國聯合調查媒體ERC董事會成員、《天下雜誌》副總編輯
實務教師,李彥甫,liyenfu,兼任助理教授級專業技術人員,9aa3e815-bd5c-4a93-8e57-6cffeeda2951.jpg,liyenfu.jpg,,,,傳播心理學與實務、採訪寫作二,,政治大學新聞系、政治大學新聞研究所碩士,《蘋果日報》調查中心、《蘋果日報》娛樂中心資深記者、年代新聞總編輯、台灣事實查核中心查核召集人、華視新聞總監
實務教師,黃哲斌,huangchepin,兼任助理教授級專業技術人員,97e073af-b0de-4e40-b316-0ed9a790361d.jpg,hwangchepin.jpg,,,,媒體創新、新聞個案研究、英美媒體趨勢,,台大新聞所碩士、政大新聞系學士,《中國時報》記者、《新新聞》記者
實務教師,方德琳,fangterlin,兼任助理教授級專業技術人員,91603e44-a732-4695-97e5-ed5dc048ee9f.jpg,fangtelin.jpg,,,,財經新聞寫作,,政大新聞系學士、政大新聞所碩士,《天下雜誌》副總編輯、《商業周刊》資深撰述
實務教師,黃兆徽,huangchaohui,兼任助理教授級專業技術人員,706b4518-c20f-459b-b8da-66504a3c2d49.jpg,huangchaohui.jpg,,,,影像報導一,,"師大環境教育研究所博士班, 台大新聞研究所碩士, 台大法律系法學組學士","華視新聞部經理, 中央廣播電台董事, 台大新聞研究所實務教師/兼任助理教授, 台灣事實查核中心總編審, 金鐘獎評審、金視獎評審、文化部中小學優良讀物雜誌類評審, 公視青少年兒少新聞總編輯, 紀錄片導演/電視節目製作人/獨立記者, 天下雜誌影視中心召集人/製作人, 民視異言堂專題記者/生技節目執行製作人, 公視新聞部主播/採訪中心記者/國際新聞編譯, 新新聞週刊採訪記者, 中央廣播電台節目製作人、主持人"
實務教師,楊光昇,yangkuangsheng,兼任副教授級專業技術人員,164abf25-1b97-45d6-8299-730fb6ea2d9f.jpg,yangkuangsheng.jpg,,,,新聞攝影,,"世新大學圖文傳播暨數位出版學系碩士, 世界新聞專科學校電影製作科技術組","財團法人日月光文教基金會媒體部主編, 聯合報攝影中心綜合組組長, 中央日報攝影記者, 中國時報攝影記者"
實務教師,劉力仁,liulijen,兼任助理教授級專業技術人員,13078eaf-617b-49eb-8b76-ace1d55ae44d.jpg,liulijen.jpg,,,,採訪寫作二,,"臺北大學自然資源與環境管理所博士, 台灣大學國家發展研究所碩士, 逢甲大學環境科學系學士","自由時報生活中心副組長, 自由時報記者"
實務教師,郭崇倫,kuochunglun,兼任副教授級專業技術人員,e030bb4a-e544-43eb-8264-e26f408377cb.jpg,kuochunglun.jpg,,,,東亞新聞專題,,"台大地質系（後轉政治系）, 台大政治研究所碩士, 美國芝加哥大學政治研究所博士班, 傅爾布萊特獎學金","聯合報副總編輯兼影音新聞處國際新聞中心主任, 《全球瞭望》節目主持人, 中國時報紐約特派記者, 中國時報執行副總編輯督導國際新聞與大陸新聞, 商業週刊總主筆, 時報周刊總編輯"
實務教師,蕭富元,hsiaofuyuan,兼任副教授級專業技術人員,b1cc1948-c2e3-452f-9b33-50214ff16ba4.jpg,hsiaofuyuan.jpg,,,,採訪寫作二,,"Indiana University, Bloomington Comparative Literature 碩士, 台灣大學中文系學士","天下雜誌總主筆（2005年09月－）, 天下雜誌出版部總編輯兼總監（1999年08月－2005年07月）, 遠見雜誌採訪編輯－主編（1989年04月－1999年07月）"
實務教師,鄭凱駿,chengkaichun,兼任助理教授級專業技術人員,4dad0521-d297-4d11-af07-7bbeda467a26.png,chengkaichun.png,,,,影像報導二,,,"過癮科技公司Go Inside創辦人, 影視節目監製、編導，擅長國際節目企劃、製作與發行, Discovery頻道與TLC旅遊生活頻道台灣與北亞區製作人, 多家國際媒體特約記者、研究員與製作人（BBC、路透社、阿拉伯半島電視台、Newsweek等）, Taipei Times特約撰稿, 亞洲電視獎、亞洲創意影藝大獎與台灣金鐘獎評審與召集人"
實務教師,張潔平,changchiehping,兼任助理教授級專業技術人員,11e70ed5-bc85-43b5-8606-ac81a2a45a11.jpg,changchiehping.jpg,,,,兩岸三地新聞專題,,,"Matters Lab創辦人, 香港大學新聞系講師, 香港浸會大學傳理學院講師, 香港《端傳媒》總編輯, 《號外》雜誌副主編, 紐約時報中文網專欄撰稿人, 《亞洲週刊》記者, 2009美國國務院青年領袖計劃入選, 2010亞洲出版協會年度記者, 2019Google新聞創新挑戰獎"
