issue,title,date,filepath
50,第50期 所報,2024年12月,images/reports/report-50.png
49,第49期 所報,2024年6月,images/reports/report-49.png
48,第48期 所報,2023年12月,images/reports/report-48.png
47,第47期 所報,2023年6月,images/reports/report-47.png
46,第46期 所報,2022年12月,images/reports/report-46.png
45,第45期 所報,2022年6月,images/reports/report-45.png
44,第44期 所報,2021年12月,images/reports/report-44.png
43,第43期 所報,2021年6月,images/reports/report-43.png
42,第42期 所報,2020年12月,images/reports/report-42.png
41,第41期 所報,2020年6月,images/reports/report-41.png
40,第40期 所報,2019年12月,images/reports/report-40.png
39,第39期 所報,2019年6月,images/reports/report-39.png
38,第38期 所報,2018年12月,images/reports/report-38.pdf
37,第37期 所報,2018年6月,images/reports/report-37.png
36,第36期 所報,2017年12月,images/reports/report-36.png
35,第35期 所報,2017年6月,images/reports/report-35.pdf
34,第34期 所報,2016年12月,images/reports/report-34.png
33,第33期 所報,2016年6月,images/reports/report-33.pdf
32,第32期 所報,2015年12月,images/reports/report-32.pdf
31,第31期 所報,2015年6月,images/reports/report-31.pdf
